{
  "targets": {
    "Q1": {
      "oof_logloss": 0.6148872614843496,
      "model_only_logloss": 0.6342473017672904,
      "prior_only_logloss": 0.6214856106568344,
      "model_scores": {
        "lightgbm": 0.6388256474490743,
        "xgboost": 0.6371834904811333,
        "catboost": 0.6152148826844548,
        "extra_trees": 0.6287013844449976,
        "logistic": 1.2177304451655728
      },
      "model_weights": {
        "lightgbm": 0.2213339653801817,
        "xgboost": 0.22204722563880275,
        "catboost": 0.2320023870755676,
        "extra_trees": 0.2257981990460158,
        "logistic": 0.09881822285943215
      },
      "model_alpha": 0.4,
      "alpha_scores": {
        "0.00": 0.6214856106568344,
        "0.05": 0.6198504840469413,
        "0.10": 0.6184529679652194,
        "0.15": 0.6172885584835583,
        "0.20": 0.6163539984161567,
        "0.25": 0.6156471610964195,
        "0.30": 0.6151669727801959,
        "0.35": 0.6149133663032735,
        "0.40": 0.6148872614843496,
        "0.45": 0.6150905698804033,
        "0.50": 0.6155262232133459,
        "0.55": 0.6161982263383675,
        "0.60": 0.6171117372163946,
        "0.65": 0.6182731781871189,
        "0.70": 0.6196903851594843,
        "0.75": 0.6213728044845505,
        "0.80": 0.6233317517735667,
        "0.85": 0.625580753621414,
        "0.90": 0.6281360035396072,
        "0.95": 0.6310169799654566,
        "1.00": 0.6342473017672904
      }
    },
    "Q2": {
      "oof_logloss": 0.6098984475894758,
      "model_only_logloss": 0.6178926128022891,
      "prior_only_logloss": 0.6175592187429667,
      "model_scores": {
        "lightgbm": 0.612209043077186,
        "xgboost": 0.6308020330971292,
        "catboost": 0.6413726608365738,
        "extra_trees": 0.6277934030047861,
        "logistic": 1.0425065954440724
      },
      "model_weights": {
        "lightgbm": 0.22779443816990638,
        "xgboost": 0.2194327450652097,
        "catboost": 0.21492143761899127,
        "extra_trees": 0.22074804037398024,
        "logistic": 0.11710333877191254
      },
      "model_alpha": 0.5,
      "alpha_scores": {
        "0.00": 0.6175592187429667,
        "0.05": 0.6160938858943241,
        "0.10": 0.6147886219907445,
        "0.15": 0.6136408754010423,
        "0.20": 0.6126485770795542,
        "0.25": 0.6118101127003759,
        "0.30": 0.6111243014687275,
        "0.35": 0.6105903809300145,
        "0.40": 0.610207997305011,
        "0.45": 0.6099772010604756,
        "0.50": 0.6098984475894758,
        "0.55": 0.6099726030344365,
        "0.60": 0.6102009554476233,
        "0.65": 0.6105852316579863,
        "0.70": 0.6111276204108835,
        "0.75": 0.6118308025814281,
        "0.80": 0.612697989550232,
        "0.85": 0.6137329711952797,
        "0.90": 0.6149401754278375,
        "0.95": 0.6163247418298136,
        "1.00": 0.6178926128022891
      }
    },
    "Q3": {
      "oof_logloss": 0.623329315750855,
      "model_only_logloss": 0.6317069810895731,
      "prior_only_logloss": 0.6326671542653666,
      "model_scores": {
        "lightgbm": 0.6492600996529667,
        "xgboost": 0.6640521476612679,
        "catboost": 0.6310446295442598,
        "extra_trees": 0.6429780827723944,
        "logistic": 1.4242086237303657
      },
      "model_weights": {
        "lightgbm": 0.22751768609647086,
        "xgboost": 0.22120035660651535,
        "catboost": 0.23575638358656692,
        "extra_trees": 0.23029968455637548,
        "logistic": 0.08522588915407141
      },
      "model_alpha": 0.55,
      "alpha_scores": {
        "0.00": 0.6326671542653666,
        "0.05": 0.6309775372941215,
        "0.10": 0.6294606548074978,
        "0.15": 0.628113619789157,
        "0.20": 0.6269342702654438,
        "0.25": 0.6259211224567333,
        "0.30": 0.625073338458801,
        "0.35": 0.6243907068562897,
        "0.40": 0.6238736353224645,
        "0.45": 0.6235231548296528,
        "0.50": 0.6233409356337763,
        "0.55": 0.623329315750855,
        "0.60": 0.6234913432623699,
        "0.65": 0.6238308345284937,
        "0.70": 0.6243524513305168,
        "0.75": 0.6250618012153935,
        "0.80": 0.6259655670379703,
        "0.85": 0.6270716741394157,
        "0.90": 0.6283895071597786,
        "0.95": 0.6299301938070508,
        "1.00": 0.6317069810895731
      }
    },
    "S1": {
      "oof_logloss": 0.5121572746765656,
      "model_only_logloss": 0.5203962799070143,
      "prior_only_logloss": 0.5208551143790044,
      "model_scores": {
        "lightgbm": 0.5492347340186667,
        "xgboost": 0.5411582583323007,
        "catboost": 0.5101289754371549,
        "extra_trees": 0.5125531698542787,
        "logistic": 1.2423882486522593
      },
      "model_weights": {
        "lightgbm": 0.2190036237203101,
        "xgboost": 0.22309684629236795,
        "catboost": 0.24018661620328166,
        "extra_trees": 0.23876745999273957,
        "logistic": 0.0789454537913008
      },
      "model_alpha": 0.5,
      "alpha_scores": {
        "0.00": 0.5208551143790044,
        "0.05": 0.5190166387198102,
        "0.10": 0.5174429813999273,
        "0.15": 0.5161072029217227,
        "0.20": 0.5149887487145651,
        "0.25": 0.514071711111064,
        "0.30": 0.5133436743893733,
        "0.35": 0.5127949250251035,
        "0.40": 0.5124178995369802,
        "0.45": 0.5122067923058043,
        "0.50": 0.5121572746765656,
        "0.55": 0.5122662940610532,
        "0.60": 0.512531932626651,
        "0.65": 0.5129533122052401,
        "0.70": 0.5135305368313333,
        "0.75": 0.5142646677419509,
        "0.80": 0.5151577283244777,
        "0.85": 0.5162127387858357,
        "0.90": 0.5174337825591838,
        "0.95": 0.5188261089776857,
        "1.00": 0.5203962799070143
      }
    },
    "S2": {
      "oof_logloss": 0.5531498665669285,
      "model_only_logloss": 0.6513693146145033,
      "prior_only_logloss": 0.5531498665669285,
      "model_scores": {
        "lightgbm": 0.6788062142182203,
        "xgboost": 0.6828212580763566,
        "catboost": 0.6425838250605317,
        "extra_trees": 0.638215739746443,
        "logistic": 1.3789662235650766
      },
      "model_weights": {
        "lightgbm": 0.21948812980718418,
        "xgboost": 0.2178760575196318,
        "catboost": 0.23506126179577433,
        "extra_trees": 0.23707399140709454,
        "logistic": 0.09050055947031513
      },
      "model_alpha": 0.0,
      "alpha_scores": {
        "0.00": 0.5531498665669285,
        "0.05": 0.5555195154555367,
        "0.10": 0.5581930537948205,
        "0.15": 0.5611504603295737,
        "0.20": 0.5643771178940372,
        "0.25": 0.5678624867928763,
        "0.30": 0.5715992362537444,
        "0.35": 0.5755826656061468,
        "0.40": 0.5798103185113302,
        "0.45": 0.5842817330027736,
        "0.50": 0.5889982931304207,
        "0.55": 0.5939631623889365,
        "0.60": 0.5991812889251602,
        "0.65": 0.604659480108527,
        "0.70": 0.6104065509785298,
        "0.75": 0.6164335586885724,
        "0.80": 0.6227541448688843,
        "0.85": 0.6293850220554948,
        "0.90": 0.6363466627581799,
        "0.95": 0.6436642874236714,
        "1.00": 0.6513693146145033
      }
    },
    "S3": {
      "oof_logloss": 0.46716060373138735,
      "model_only_logloss": 0.5107412908113734,
      "prior_only_logloss": 0.46716060373138735,
      "model_scores": {
        "lightgbm": 0.5456192386310776,
        "xgboost": 0.525793792520627,
        "catboost": 0.5054824094934568,
        "extra_trees": 0.502201821906047,
        "logistic": 0.9751270569523288
      },
      "model_weights": {
        "lightgbm": 0.21093856378824893,
        "xgboost": 0.22092698234628655,
        "catboost": 0.2320788266105115,
        "extra_trees": 0.23397541369326036,
        "logistic": 0.10208021356169258
      },
      "model_alpha": 0.0,
      "alpha_scores": {
        "0.00": 0.46716060373138735,
        "0.05": 0.4676098837674501,
        "0.10": 0.4682364357909515,