{
  "Q1": {
    "expanded_top40": {
      "lgb": {
        "best_params": {
          "n_estimators": 150,
          "learning_rate": 0.04567032012890366,
          "num_leaves": 25,
          "max_depth": 2,
          "min_child_samples": 12,
          "subsample": 0.5363159386330338,
          "colsample_bytree": 0.5668641502749251,
          "reg_alpha": 0.012130389062739215,
          "reg_lambda": 0.24316745832455633,
          "weight_mode": "balanced"
        },
        "best_primary_metric": 0.44900082539142633
      },
      "xgb": {
        "best_params": {
          "n_estimators": 150,
          "learning_rate": 0.03164477134199322,
          "max_depth": 6,
          "min_child_weight": 3,
          "subsample": 0.5496087354475261,
          "colsample_bytree": 0.5259031715770276,
          "reg_alpha": 0.6279355881577153,
          "reg_lambda": 0.077097583626973,
          "weight_mode": "scale_pos_weight"
        },
        "best_primary_metric": 0.4709101988273299
      },
      "cat": {
        "best_params": {
          "iterations": 150,
          "learning_rate": 0.04882204595474691,
          "depth": 5,
          "l2_leaf_reg": 0.9600292525547071,
          "bagging_temperature": 0.4060154813405279,
          "random_strength": 3.336303639811201,
          "weight_mode": "balanced"
        },
        "best_primary_metric": 0.44930408611188144
      },
      "rf": {
        "best_params": {},
        "best_primary_metric": NaN
      },
      "et": {
        "best_params": {},
        "best_primary_metric": NaN
      }
    },
    "compact_all": {
      "lgb": {
        "best_params": {
          "n_estimators": 150,
          "learning_rate": 0.008605034792033115,
          "num_leaves": 30,
          "max_depth": 5,
          "min_child_samples": 52,
          "subsample": 0.5702083881990965,
          "colsample_bytree": 0.48579698618491146,
          "reg_alpha": 0.00020803240351859883,
          "reg_lambda": 21.42302175774107,
          "weight_mode": "balanced"
        },
        "best_primary_metric": 0.49999999961447683
      },
      "xgb": {
        "best_params": {
          "n_estimators": 150,
          "learning_rate": 0.003019739709909609,
          "max_depth": 5,
          "min_child_weight": 17,
          "subsample": 0.9130217742130953,
          "colsample_bytree": 0.7856563777206355,
          "reg_alpha": 0.0005867624557267276,
          "reg_lambda": 0.0017169920945323868,
          "weight_mode": "scale_pos_weight"
        },
        "best_primary_metric": 0.500020191200778
      },
      "cat": {
        "best_params": {
          "iterations": 150,
          "learning_rate": 0.00313713133402957,
          "depth": 2,
          "l2_leaf_reg": 0.5372349000819799,
          "bagging_temperature": 0.3547982701962248,
          "random_strength": 1.93765838567408,
          "weight_mode": "balanced"
        },
        "best_primary_metric": 0.5034834524731605
      },
      "rf": {
        "best_params": {},
        "best_primary_metric": NaN
      },
      "et": {
        "best_params": {},
        "best_primary_metric": NaN
      },
      "logistic": {
        "best_params": {},
        "best_primary_metric": NaN
      }
    }
  },
  "Q2": {
    "expanded_top80": {
      "lgb": {
        "best_params": {
          "n_estimators": 150,
          "learning_rate": 0.04171964794078913,
          "num_leaves": 25,
          "max_depth": 2,
          "min_child_samples": 19,
          "subsample": 0.7185144522082874,
          "colsample_bytree": 0.9278359906808746,
          "reg_alpha": 0.00013063991111320685,
          "reg_lambda": 0.08309990383785283,
          "weight_mode": "scale_pos_weight"
        },
        "best_primary_metric": 0.44094852252818145
      },
      "xgb": {
        "best_params": {
          "n_estimators": 150,
          "learning_rate": 0.04282221745411632,
          "max_depth": 6,
          "min_child_weight": 4,
          "subsample": 0.5075027964112546,
          "colsample_bytree": 0.45492067673433906,
          "reg_alpha": 0.00015831550832141363,
          "reg_lambda": 1.0331481331431478,
          "weight_mode": "scale_pos_weight"
        },
        "best_primary_metric": 0.44685469513647574
      },
      "cat": {
        "best_params": {
          "iterations": 150,
          "learning_rate": 0.04445353497788012,
          "depth": 5,
          "l2_leaf_reg": 0.1362944631441018,
          "bagging_temperature": 1.3891009724754857,
          "random_strength": 3.2549520379005843,
          "weight_mode": "balanced"
        },
        "best_primary_metric": 0.4289230028962626
      },
      "rf": {
        "best_params": {},
        "best_primary_metric": NaN
      },
      "et": {
        "best_params": {},
        "best_primary_metric": NaN
      }
    },
    "compact_all": {
      "lgb": {
        "best_params": {
          "n_estimators": 150,
          "learning_rate": 0.04376525400071088,
          "num_leaves": 26,
          "max_depth": 2,
          "min_child_samples": 23,
          "subsample": 0.5321188154647766,
          "colsample_bytree": 0.5924296496451327,
          "reg_alpha": 0.004339245386559851,
          "reg_lambda": 0.00737795801697656,
          "weight_mode": "balanced"
        },
        "best_primary_metric": 0.47762119834127165
      },
      "xgb": {
        "best_params": {
          "n_estimators": 150,
          "learning_rate": 0.02507854694349965,
          "max_depth": 5,
          "min_child_weight": 2,
          "subsample": 0.6715053022320402,
          "colsample_bytree": 0.4024215746529307,
          "reg_alpha": 0.05404582029389765,
          "reg_lambda": 0.058902812671399005,
          "weight_mode": "scale_pos_weight"
        },
        "best_primary_metric": 0.4848329656653934
      },
      "cat": {
        "best_params": {
          "iterations": 150,
          "learning_rate": 0.04953721241102804,
          "depth": 5,
          "l2_leaf_reg": 0.20126478096881922,
          "bagging_temperature": 0.6520447554015434,
          "random_strength": 4.809363321930787,
          "weight_mode": "balanced"
        },
        "best_primary_metric": 0.43965632923362297
      },
      "rf": {
        "best_params": {},
        "best_primary_metric": NaN
      },
      "et": {
        "best_params": {},
        "best_primary_metric": NaN
      },
      "logistic": {
        "best_params": {},
        "best_primary_metric": NaN
      }
    }
  }
}