{
  "targets": {
    "Q1": {
      "oof_logloss": 0.652818093440523,
      "model_only_logloss": 0.6637436384013757,
      "prior_only_logloss": 0.6563299964119358,
      "model_scores": {
        "lightgbm": 0.6785199942020952,
        "xgboost": 0.6748857788338377,
        "catboost": 0.6671161011940024,
        "extra_trees": 0.6554714648427228,
        "logistic": 1.6300763240140703
      },
      "model_weights": {
        "lightgbm": 0.24113572426893887,
        "xgboost": 0.24439509655187605,
        "catboost": 0.2515733444607891,
        "extra_trees": 0.26289583471839595,
        "logistic": 0.0
      },
      "model_alpha": 0.35,
      "postprocess": {
        "method": "temperature",
        "value": 1.08,
        "logloss": 0.652818093440523,
        "target_mean": 0.4955555555555556
      },
      "alpha_scores": {
        "0.00": 0.6563299964119358,
        "0.05": 0.6554756989908831,
        "0.10": 0.6547493209959948,
        "0.15": 0.654149828619362,
        "0.20": 0.653676470633295,
        "0.25": 0.6533287706205487,
        "0.30": 0.6531065223720897,
        "0.35": 0.6530097883200452,
        "0.40": 0.6530389009653899,
        "0.45": 0.6531944673494582,
        "0.50": 0.6534773767108064,
        "0.55": 0.6538888115698736,
        "0.60": 0.6544302625997144,
        "0.65": 0.6551035477797214,
        "0.70": 0.6559108365010946,
        "0.75": 0.6568546795119855,
        "0.80": 0.6579380458765963,
        "0.85": 0.6591643685046984,
        "0.90": 0.6605376003282657,
        "0.95": 0.6620622839238833,
        "1.00": 0.6637436384013757
      }
    },
    "Q2": {
      "oof_logloss": 0.6349995144778471,
      "model_only_logloss": 0.6383122666221255,
      "prior_only_logloss": 0.6838724827838579,
      "model_scores": {
        "lightgbm": 0.6512040261536063,
        "xgboost": 0.649383034483669,
        "catboost": 0.648458112174227,
        "extra_trees": 0.6285894810536548,
        "logistic": 1.4294954406018605
      },
      "model_weights": {
        "lightgbm": 0.2433073359811271,
        "xgboost": 0.24501662334536367,
        "catboost": 0.2458912512663467,
        "extra_trees": 0.2657847894071624,
        "logistic": 0.0
      },
      "model_alpha": 0.85,
      "postprocess": {
        "method": "temperature",
        "value": 1.25,
        "logloss": 0.6349995144778471,
        "target_mean": 0.5622222222222222
      },
      "alpha_scores": {
        "0.00": 0.6838724827838579,
        "0.05": 0.678023117471896,
        "0.10": 0.672671421583484,
        "0.15": 0.6677782621412824,
        "0.20": 0.6633119400133926,
        "0.25": 0.6592464686095525,
        "0.30": 0.6555603961097467,
        "0.35": 0.6522359729564235,
        "0.40": 0.6492585502832863,
        "0.45": 0.6466161400327742,
        "0.50": 0.6442990933551255,
        "0.55": 0.6422998696158413,
        "0.60": 0.640612878550463,
        "0.65": 0.6392343852817581,
        "0.70": 0.6381624735427011,
        "0.75": 0.6373970675720249,
        "0.80": 0.6369400187042656,
        "0.85": 0.6367952697912013,
        "0.90": 0.6369691209917336,
        "0.95": 0.6374706372183482,
        "1.00": 0.6383122666221255
      }
    },
    "Q3": {
      "oof_logloss": 0.6421055590561078,
      "model_only_logloss": 0.642847996736459,
      "prior_only_logloss": 0.6684103848778973,
      "model_scores": {
        "lightgbm": 0.6489446947177723,
        "xgboost": 0.6424941343729325,
        "catboost": 0.6510518572338048,
        "extra_trees": 0.654074313347216,
        "logistic": 1.4686351886839744
      },
      "model_weights": {
        "lightgbm": 0.2501422046311572,
        "xgboost": 0.2564680508100539,
        "catboost": 0.24812312006830275,
        "extra_trees": 0.24526662449048608,
        "logistic": 0.0
      },
      "model_alpha": 1.0,
      "postprocess": {
        "method": "mean_shrink",
        "value": 0.12,
        "logloss": 0.6421055590561078,
        "target_mean": 0.6
      },
      "alpha_scores": {
        "0.00": 0.6684103848778973,
        "0.05": 0.6659113020527517,
        "0.10": 0.6635478809311376,
        "0.15": 0.661317401852609,
        "0.20": 0.6592175708784213,
        "0.25": 0.6572464825427029,
        "0.30": 0.6554025913698622,
        "0.35": 0.6536846905083824,
        "0.40": 0.6520918963305931,
        "0.45": 0.6506236382103229,
        "0.50": 0.6492796529651315,
        "0.55": 0.6480599836700134,
        "0.60": 0.6469649827382409,
        "0.65": 0.6459953193401158,
        "0.70": 0.6451519914071671,
        "0.75": 0.6444363426628613,
        "0.80": 0.6438500853485114,
        "0.85": 0.6433953295967952,
        "0.90": 0.6430746207757596,
        "0.95": 0.6428909866284501,
        "1.00": 0.642847996736459
      }
    },
    "S1": {
      "oof_logloss": 0.5654055250903417,
      "model_only_logloss": 0.5806258551571056,
      "prior_only_logloss": 0.5693900028449448,
      "model_scores": {
        "lightgbm": 0.592973050430644,
        "xgboost": 0.5873140461368437,
        "catboost": 0.5827649546859412,
        "extra_trees": 0.5891552254993963,
        "logistic": 1.182127045745151
      },
      "model_weights": {
        "lightgbm": 0.24480339131241372,
        "xgboost": 0.2507430191851378,
        "catboost": 0.25566498467635784,
        "extra_trees": 0.24878860482609058,
        "logistic": 0.0
      },
      "model_alpha": 0.3,
      "postprocess": {
        "method": "temperature",
        "value": 1.21,
        "logloss": 0.5654055250903417,
        "target_mean": 0.6822222222222222
      },
      "alpha_scores": {
        "0.00": 0.5693900028449448,
        "0.05": 0.5686309903378262,
        "0.10": 0.5680247912236104,
        "0.15": 0.5675661168301175,
        "0.20": 0.5672506753146707,
        "0.25": 0.56707501362931,
        "0.30": 0.5670364003138582,
        "0.35": 0.5671327379769923,
        "0.40": 0.5673624979996006,
        "0.45": 0.5677246723689813,
        "0.50": 0.5682187391364314,
        "0.55": 0.5688446390824068,
        "0.60": 0.5696027619530719,
        "0.65": 0.5704939412128198,
        "0.70": 0.5715194567130473,
        "0.75": 0.5726810450588852,
        "0.80": 0.5739809178000932,
        "0.85": 0.575421787910447,
        "0.90": 0.5770069053797803,
        "0.95": 0.5787401031540924,
        "1.00": 0.5806258551571056
      }
    },
    "S2": {
      "oof_logloss": 0.5732129806521516,
      "model_only_logloss": 0.6191020214368855,
      "prior_only_logloss": 0.5739150016798013,
      "model_scores": {
        "lightgbm": 0.6364146284278684,
        "xgboost": 0.6259577570863855,
        "catboost": 0.6204309500699399,
        "extra_trees": 0.6215424645082953,
        "logistic": 1.4396187501995044
      },
      "model_weights": {
        "lightgbm": 0.23987483186123532,
        "xgboost": 0.2500187060084243,
        "catboost": 0.25562388529211677,
        "extra_trees": 0.25448257683822356,
        "logistic": 0.0
      },
      "model_alpha": 0.0,
      "postprocess": {
        "method": "temperature",
        "value": 1.12,
        "logloss": 0.5732129806521516,
        "target_mean": 0.6511111111111111
      },
      "alpha_scores": {
        "0.00": 0.5739150016798013,
        "0.05": 0.5740433526601644,
        "0.10": 0.5744224330587528,
        "0.15": 0.5750399643445692,
        "0.20": 0.5758864578549197,
        "0.25": 0.5769546689429847,
        "0.30": 0.5782392139568827,
        "0.35": 0.5797362989452676,
        "0.40": 0.5814435282246688,
        "0.45": 0.5833597725209623,
        "0.50": 0.5854850837086363,
        "0.55": 0.5878206480450534,
        "0.60": 0.5903687732744392,
        "0.65": 0.5931329076960856,
        "0.70": 0.5961176916892666,
        "0.75": 0.5993290446165952,
        "0.80": 0.602774292845106,
        "0.85": 0.6064623482794347,
        "0.90": 0.6104039519574859,
        "0.95": 0.6146120050006629,
        "1.00": 0.6191020214368855
      }
    },